0.0790579617023468,1.0212461948394775,-0.00015027124027255923,1
0.1308242231607437,0.9965610504150391,-0.03306140378117561,1
0.17351356148719788,0.9599872827529907,-0.0585331954061985,1
0.1945415437221527,0.9211744666099548,-0.07993441820144653,1
0.19584223628044128,0.8905030488967896,-0.10314808040857315,1
0.14486907422542572,0.8895198702812195,-0.0757782831788063,1
0.16770784556865692,0.8612170219421387,-0.11352863907814026,1
0.16957500576972961,0.8992405533790588,-0.11981896311044693,1
0.16522403061389923,0.9239466190338135,-0.11556614935398102,1
0.11744622886180878,0.8787649869918823,-0.07521630823612213,1
0.13729527592658997,0.8599086403846741,-0.12136361747980118,1
0.13900451362133026,0.9102413058280945,-0.12621307373046875,1
0.13447153568267822,0.9420338273048401,-0.12227053195238113,1
0.08940932154655457,0.8732055425643921,-0.07696424424648285,1
0.10870308429002762,0.8507137894630432,-0.12338532507419586,1
0.1127016693353653,0.8989362716674805,-0.12408656626939774,1
0.11177387833595276,0.9334282875061035,-0.11618977040052414,1
0.06460288912057877,0.8729279637336731,-0.08174024522304535,1
0.0761704072356224,0.7917109727859497,-0.11182305216789246,1
0.08431634306907654,0.7432277798652649,-0.12822194397449493,1
0.09103217720985413,0.6992899775505066,-0.14013119041919708,1
0.09445314109325409,1.0068012475967407,-3.656242188299075e-05,1
0.1425289809703827,0.9396540522575378,-0.00969468243420124,1
0.1670430600643158,0.8921687602996826,-0.041902780532836914,1
0.18622595071792603,0.8574361801147461,-0.07619510591030121,1
0.2037314474582672,0.8224412798881531,-0.11397582292556763,1
0.11359363049268723,0.8523566722869873,-0.07154335081577301,1
0.13202835619449615,0.8169159889221191,-0.12466877698898315,1
0.15587423741817474,0.7930254340171814,-0.1573197841644287,1
0.18232926726341248,0.7723780274391174,-0.17469041049480438,1
0.095383420586586,0.8647086024284363,-0.0843140110373497,1
0.11643148958683014,0.8201517462730408,-0.1359729766845703,1
0.14619231224060059,0.7947059273719788,-0.15562567114830017,1
0.1748775839805603,0.7810801863670349,-0.16522127389907837,1
0.08184492588043213,0.8825889825820923,-0.09591853618621826,1
0.0977795273065567,0.8329260349273682,-0.1400699019432068,1
0.1255897432565689,0.8036808967590332,-0.15495340526103973,1
0.1515590399503708,0.7893051505088806,-0.160652294754982,1
0.07358862459659576,0.9034595489501953,-0.10631004720926285,1
0.08154632896184921,0.859032928943634,-0.13328054547309875,1
0.09793730825185776,0.8324737548828125,-0.14054638147354126,1
0.1155858263373375,0.815354585647583,-0.1428033709526062,1
0.1114414632320404,0.9215840101242065,-8.320826600538567e-05,1
0.1620248407125473,0.8568671941757202,0.015701094642281532,1
0.18849368393421173,0.7838582992553711,-0.006501915864646435,1
0.212299183011055,0.73060542345047,-0.04367530718445778,1
0.2281138002872467,0.6912059187889099,-0.0942932739853859,1
0.11093489080667496,0.6976068615913391,-0.012497191317379475,1
0.13322928547859192,0.6203028559684753,-0.038006387650966644,1
0.14885061979293823,0.5906736850738525,-0.05673576518893242,1
0.15706442296504974,0.5608156323432922,-0.07239867746829987,1
0.09626789391040802,0.707024097442627,-0.04426725208759308,1
0.1624133288860321,0.6443483233451843,-0.07742554694414139,1
0.19350042939186096,0.6657732129096985,-0.09870754927396774,1
0.20481978356838226,0.6911157369613647,-0.10869143158197403,1
0.09130891412496567,0.726809561252594,-0.07731496542692184,1
0.155858114361763,0.6633158922195435,-0.1053432896733284,1
0.1913677453994751,0.676377534866333,-0.11815730482339859,1
0.20773360133171082,0.6968732476234436,-0.12536099553108215,1
0.09566698968410492,0.7539229393005371,-0.1067916750907898,1
0.12487231194972992,0.6753799915313721,-0.13380536437034607,1
0.14414533972740173,0.6337630748748779,-0.1499529480934143,1
0.15733546018600464,0.599510908126831,-0.1599504053592682,1
0.12435232847929001,0.8630308508872986,-0.00013207040319684893,1
0.1731540411710739,0.7971936464309692,0.026060940697789192,1
0.1992148905992508,0.7240608930587769,0.007303454913198948,1
0.22586295008659363,0.673938512802124,-0.026820644736289978,1
0.24721603095531464,0.6317218542098999,-0.07171338051557541,1
0.132639080286026,0.6314234733581543,-0.004514059983193874,1
0.1699526458978653,0.5647726655006409,-0.030269242823123932,1
0.1952868551015854,0.5737963318824768,-0.05427802354097366,1
0.20720022916793823,0.58536297082901,-0.0759292021393776,1
0.11484401673078537,0.639062225818634,-0.04283832013607025,1
0.1793937236070633,0.5823197960853577,-0.07156386971473694,1
0.2101626694202423,0.6001565456390381,-0.09219598770141602,1
0.22219398617744446,0.6289348602294922,-0.10327855497598648,1
0.10600551962852478,0.6614856719970703,-0.08146391063928604,1
0.17155654728412628,0.601288914680481,-0.11210040003061295,1
0.21007400751113892,0.6051396131515503,-0.12772177159786224,1
0.23071900010108948,0.6267173886299133,-0.13837534189224243,1
0.10747604817152023,0.6947208642959595,-0.11726323515176773,1
0.14226144552230835,0.6147977709770203,-0.14449442923069,1
0.16091887652873993,0.5683701038360596,-0.16039714217185974,1
0.17389598488807678,0.5331603288650513,-0.17322303354740143,1
0.12938055396080017,0.8448824882507324,-0.00010701826249714941,1
0.18021801114082336,0.7728533744812012,0.03796057030558586,1
0.20307953655719757,0.6908981204032898,0.03596346080303192,1
0.23078706860542297,0.6411406993865967,0.017872506752610207,1
0.25658875703811646,0.5966978669166565,-0.005188843701034784,1
0.11707974970340729,0.6046711802482605,0.04018605500459671,1
0.1410556137561798,0.5376453399658203,0.02644428424537182,1
0.15890561044216156,0.4795169234275818,0.016818596050143242,1
0.17436426877975464,0.4272380471229553,0.002976874355226755,1
0.1040077954530716,0.6151697635650635,-0.0012331021716818213,1
0.16407807171344757,0.5465177893638611,-0.024311939254403114,1
0.21657513082027435,0.5388640761375427,-0.036395665258169174,1
0.24968697130680084,0.5473360419273376,-0.0401763916015625,1
0.1045999825000763,0.6359090805053711,-0.044095054268836975,1
0.16681896150112152,0.5692977905273438,-0.06345446407794952,1
0.21987710893154144,0.5607803463935852,-0.06965308636426926,1
0.2524777352809906,0.5713440775871277,-0.07571930438280106,1
0.11901797354221344,0.6652876734733582,-0.08778352290391922,1
0.16657641530036926,0.6040183305740356,-0.10267999768257141,1
0.20544126629829407,0.5846482515335083,-0.10748802125453949,1
0.2341686189174652,0.5816426277160645,-0.11625363677740097,1
0.13452424108982086,0.8193449974060059,-0.00010004320211010054,1
0.18535813689231873,0.7431760430335999,0.04983190447092056,1
0.20608027279376984,0.6613523364067078,0.0603032112121582,1
0.23456993699073792,0.6099590063095093,0.0519346185028553,1
0.2590065598487854,0.5631965398788452,0.040007334202528,1
0.1271212100982666,0.571786642074585,0.05918241664767265,1
0.15119080245494843,0.5015072822570801,0.050768300890922546,1
0.16864147782325745,0.44429275393486023,0.043093081563711166,1
0.18293245136737823,0.3886745572090149,0.03240961208939552,1
0.1153792142868042,0.5781275033950806,0.016117064282298088,1
0.17607757449150085,0.5098000764846802,-4.3929419916821644e-05,1
0.22604970633983612,0.5041909217834473,-0.00938571896404028,1
0.2574822008609772,0.5106356739997864,-0.012318453751504421,1
0.11504187434911728,0.595474123954773,-0.028406549245119095,1
0.18016374111175537,0.5294217467308044,-0.039505794644355774,1
0.23355531692504883,0.5251308679580688,-0.04322976991534233,1
0.2661484479904175,0.5357679128646851,-0.048058412969112396,1
0.126562237739563,0.6230593919754028,-0.07249104231595993,1
0.17752273380756378,0.5638468861579895,-0.08118085563182831,1
0.21849317848682404,0.5502322912216187,-0.08521565049886703,1
0.24775788187980652,0.5513383746147156,-0.0910087451338768,1
0.0859464704990387,1.0304667949676514,-0.00013618054799735546,1
0.1387520432472229,0.9969797134399414,-0.021134028211236,1
0.17996665835380554,0.9568984508514404,-0.039811939001083374,1
0.20021449029445648,0.9172532558441162,-0.05727867782115936,1
0.19536876678466797,0.8903946280479431,-0.08253201097249985,1
0.1475256085395813,0.8881205916404724,-0.053257931023836136,1
0.16442187130451202,0.8617241382598877,-0.09142693877220154,1
0.1682012975215912,0.8946310877799988,-0.10734346508979797,1
0.16845937073230743,0.9190375804901123,-0.10920275002717972,1
0.11954325437545776,0.8773832321166992,-0.05662451684474945,1
0.13703227043151855,0.8577141165733337,-0.10170847177505493,1
0.1394178718328476,0.9017964601516724,-0.11845458298921585,1
0.13823844492435455,0.93600994348526,-0.11911580711603165,1
0.09081922471523285,0.8739501237869263,-0.06092509999871254,1
0.11054636538028717,0.848693311214447,-0.10614236444234848,1
0.11474881321191788,0.8947683572769165,-0.11627387255430222,1
0.11487014591693878,0.9340041875839233,-0.11107069998979568,1
0.06437036395072937,0.8757610321044922,-0.06669246405363083,1
0.07584695518016815,0.7927752137184143,-0.09763476252555847,1
0.08409171551465988,0.7422943115234375,-0.11399057507514954,1
0.09149856120347977,0.6995894908905029,-0.12326260656118393,1
0.09678959101438522,1.0122230052947998,-5.055400833953172e-05,1
0.14701354503631592,0.9393020272254944,-0.008348767645657063,1
0.17295339703559875,0.8876701593399048,-0.04196618124842644,1
0.1929807811975479,0.849537193775177,-0.07735072076320648,1
0.21051383018493652,0.8127615451812744,-0.11664092540740967,1
0.11359937489032745,0.8403925895690918,-0.06587128341197968,1
0.13402333855628967,0.8063831329345703,-0.11996039748191833,1
0.16208818554878235,0.7823455333709717,-0.15434059500694275,1
0.19277097284793854,0.7606505155563354,-0.17393864691257477,1
0.09410586953163147,0.8529897928237915,-0.08146107941865921,1
0.11832817643880844,0.8120942115783691,-0.13391001522541046,1
0.1510457843542099,0.7877042293548584,-0.15617074072360992,1
0.18295493721961975,0.7732475996017456,-0.16817213594913483,1
0.0800454318523407,0.8753509521484375,-0.09627673774957657,1
0.09983278810977936,0.8289010524749756,-0.1425791233778,1
0.13051368296146393,0.799990177154541,-0.1604502946138382,1
0.15987811982631683,0.7838256359100342,-0.16857893764972687,1
0.07246111333370209,0.9030337333679199,-0.10953054577112198,1
0.08214175701141357,0.8600642085075378,-0.1404697597026825,1
0.09870745241641998,0.8337349891662598,-0.15072733163833618,1
0.11753591150045395,0.8150997757911682,-0.15646672248840332,1
0.10842902213335037,0.9236263036727905,-7.505684334319085e-05,1
0.16270549595355988,0.8589928150177002,0.015523827634751797,1
0.19017191231250763,0.7852151393890381,-0.003461134387180209,1
0.21312546730041504,0.7310990691184998,-0.03693755343556404,1
0.23069599270820618,0.6904239058494568,-0.08310273289680481,1
0.11587381362915039,0.7018042206764221,-0.002640719758346677,1
0.14116229116916656,0.6269497275352478,-0.026915065944194794,1
0.15879273414611816,0.6122207045555115,-0.04709547385573387,1
0.1680339127779007,0.5952920913696289,-0.06279472261667252,1
0.10029470920562744,0.7067677974700928,-0.03383583202958107,1
0.1655673086643219,0.6434236168861389,-0.06787285953760147,1
0.19520562887191772,0.6660205125808716,-0.09359436482191086,1
0.20582443475723267,0.6920484304428101,-0.10655359923839569,1
0.09325931966304779,0.7222562432289124,-0.06714145839214325,1
0.15639013051986694,0.6563039422035217,-0.0940868929028511,1
0.19072677195072174,0.6708658933639526,-0.10989431291818619,1
0.20654061436653137,0.6927358508110046,-0.11899086087942123,1
0.09432468563318253,0.7457678914070129,-0.09677188843488693,1
0.12092433869838715,0.6626755595207214,-0.12014149129390717,1
0.1397569179534912,0.6185711026191711,-0.13635554909706116,1
0.15325875580310822,0.5822515487670898,-0.14791589975357056,1
0.12598226964473724,0.8721320629119873,-0.00010493317677173764,1
0.1742599755525589,0.8064847588539124,0.029344357550144196,1
0.19794712960720062,0.7307877540588379,0.014217136427760124,1
0.22342585027217865,0.6799607872962952,-0.016373174265027046,1
0.24439547955989838,0.6346825361251831,-0.05691751465201378,1
0.12886294722557068,0.6395554542541504,0.0033436992671340704,1
0.16069558262825012,0.5720834136009216,-0.02327635884284973,1
0.18442609906196594,0.5666637420654297,-0.04895276203751564,1
0.1968328356742859,0.564171314239502,-0.07072564959526062,1
0.11198007315397263,0.6478894948959351,-0.03565165773034096,1
0.17165403068065643,0.5891982913017273,-0.06439622491598129,1
0.20613610744476318,0.5992554426193237,-0.08663375675678253,1
0.22205999493598938,0.6194127798080444,-0.09885185956954956,1
0.10458089411258698,0.6693618297576904,-0.07484985142946243,1
0.16679948568344116,0.6083773374557495,-0.10445289313793182,1
0.2079063355922699,0.6113137602806091,-0.12053479254245758,1
0.23016081750392914,0.628737211227417,-0.13044722378253937,1
0.10845810920000076,0.7008112668991089,-0.11135334521532059,1
0.1432695835828781,0.6226725578308105,-0.13837051391601562,1
0.16365419328212738,0.5786545276641846,-0.15285463631153107,1
0.17609208822250366,0.5430581569671631,-0.1641092747449875,1
0.13987553119659424,0.8204244375228882,-9.180857887258753e-05,1
0.18480201065540314,0.7588717937469482,0.025014372542500496,1
0.20890650153160095,0.6833531260490417,0.0038336359430104494,1
0.23626601696014404,0.6317089200019836,-0.03292858600616455,1
0.2569819986820221,0.591524064540863,-0.08219406753778458,1
0.12549114227294922,0.5900081992149353,0.0018360256217420101,1
0.14405488967895508,0.5100836157798767,-0.01960279420018196,1
0.1584864854812622,0.45294612646102905,-0.03659314662218094,1
0.16693222522735596,0.4078481197357178,-0.05245576053857803,1
0.11251495033502579,0.6022993326187134,-0.03669791296124458,1
0.17367860674858093,0.5402542352676392,-0.06635617464780807,1
0.21663126349449158,0.5492113828659058,-0.08482219278812408,1
0.23812220990657806,0.5737467408180237,-0.09329818934202194,1
0.11074824631214142,0.6238877177238464,-0.07560543715953827,1
0.17504478991031647,0.5588948726654053,-0.10397208482027054,1
0.2185167372226715,0.5669246912002563,-0.11317931115627289,1
0.2412830889225006,0.5901771187782288,-0.11768589168787003,1
0.12087664753198624,0.6530277132987976,-0.11309253424406052,1
0.15817303955554962,0.5775495171546936,-0.13062377274036407,1
0.18004214763641357,0.5410770773887634,-0.13172633945941925,1
0.19286656379699707,0.5147644877433777,-0.1345951110124588,1
0.13777917623519897,0.8024467825889587,-0.00011278143938397989,1
0.18829981982707977,0.7351965308189392,0.04238523915410042,1
0.21164458990097046,0.6573103666305542,0.04197205603122711,1
0.23834232985973358,0.6075144410133362,0.02237556502223015,1
0.2591565251350403,0.560165524482727,-0.0028999033384025097,1
0.13076746463775635,0.559586763381958,0.044072140008211136,1
0.15446016192436218,0.4799497723579407,0.03448930010199547,1
0.1690729558467865,0.4195929765701294,0.026607831940054893,1
0.17891307175159454,0.362976610660553,0.013307791203260422,1
0.11488965898752213,0.5695959329605103,-0.001469329698011279,1
0.18060645461082458,0.4971006512641907,-0.030952677130699158,1
0.22860190272331238,0.499099463224411,-0.04206663742661476,1
0.2558974027633667,0.5128191709518433,-0.04459250718355179,1
0.11235576868057251,0.5910643935203552,-0.0487857423722744,1
0.18010203540325165,0.5271668434143066,-0.07182234525680542,1
0.23200927674770355,0.5232455730438232,-0.07702071219682693,1
0.2626478970050812,0.534125030040741,-0.08080574870109558,1
0.12342540174722672,0.6219612956047058,-0.09620426595211029,1
0.17397519946098328,0.5643681287765503,-0.11562298983335495,1
0.21449600160121918,0.5506930351257324,-0.12456634640693665,1
0.24353650212287903,0.5507397055625916,-0.13245491683483124,1
0.08276396989822388,1.0395164489746094,-0.00011245496716583148,1
0.13951420783996582,1.007727026939392,-0.025589020922780037,1
0.18277306854724884,0.9633927345275879,-0.04612450301647186,1
0.2021903544664383,0.9189649224281311,-0.06225084885954857,1
0.19608238339424133,0.8907252550125122,-0.0812307819724083,1
0.14727173745632172,0.8896514177322388,-0.06278364360332489,1
0.17200268805027008,0.8610872626304626,-0.09446508437395096,1
0.173726886510849,0.9008340835571289,-0.10524626076221466,1
0.16852030158042908,0.9258623719215393,-0.1061321496963501,1
0.12009817361831665,0.8781822919845581,-0.06438437849283218,1
0.14227470755577087,0.8571933507919312,-0.09776566177606583,1
0.1414029449224472,0.9076507687568665,-0.10531280189752579,1
0.133500337600708,0.9410685300827026,-0.10684186965227127,1
0.09192128479480743,0.8739866018295288,-0.0663357526063919,1
0.11327524483203888,0.8486388921737671,-0.0995391383767128,1
0.11496522277593613,0.8979510068893433,-0.10183323919773102,1
0.1108010858297348,0.9339603781700134,-0.09913923591375351,1
0.06589361280202866,0.8760884404182434,-0.07175280898809433,1
0.07800449430942535,0.7928935289382935,-0.09543989598751068,1
0.08611230552196503,0.7441622614860535,-0.10713262110948563,1
0.09245488047599792,0.7005298733711243,-0.11716639250516891,1
0.10142605751752853,0.9720078110694885,-4.601289765560068e-05,1
0.1453046053647995,0.9093703031539917,0.0005778552731499076,1
0.1765325963497162,0.8469842076301575,-0.03194696828722954,1
0.20537811517715454,0.8031874299049377,-0.06926723569631577,1
0.21767091751098633,0.7669734358787537,-0.11365059018135071,1
0.09110077470541,0.7720640301704407,-0.06551914662122726,1
0.098410964012146,0.6940702199935913,-0.10554257780313492,1
0.10913072526454926,0.6356177926063538,-0.13435743749141693,1
0.11930901557207108,0.5860450267791748,-0.15912465751171112,1
0.07796487212181091,0.7986449003219604,-0.0912039503455162,1
0.13616551458835602,0.745720624923706,-0.13965490460395813,1
0.17398357391357422,0.7520632743835449,-0.15052475035190582,1
0.1867804378271103,0.765845537185669,-0.15419690310955048,1
0.07811126857995987,0.8360127210617065,-0.1187283918261528,1
0.13679736852645874,0.7862646579742432,-0.16617506742477417,1
0.17687341570854187,0.7880071997642517,-0.17893026769161224,1
0.19257988035678864,0.801559567451477,-0.1847953200340271,1
0.08670204877853394,0.8791866898536682,-0.14379282295703888,1
0.13200390338897705,0.8354804515838623,-0.18476152420043945,1
0.16544948518276215,0.8215968012809753,-0.20134170353412628,1
0.18278709053993225,0.8175737857818604,-0.21293935179710388,1
0.10713638365268707,0.9498688578605652,-0.00011367962724762037,1
0.15892431139945984,0.8750651478767395,0.019479850307106972,1
0.184383824467659,0.7935400009155273,0.004743291065096855,1
0.21192240715026855,0.7421086430549622,-0.02327188290655613,1
0.23682823777198792,0.696649968624115,-0.05610018968582153,1
0.09798988699913025,0.7112327814102173,-0.009734435006976128,1
0.12521781027317047,0.6529010534286499,-0.047131266444921494,1
0.1409342736005783,0.6031227111816406,-0.06906621903181076,1
0.15050077438354492,0.5562480092048645,-0.08702107518911362,1
0.0813811793923378,0.7272418737411499,-0.04602288454771042,1
0.13752472400665283,0.66786789894104,-0.0940207690000534,1
0.18963408470153809,0.6570631861686707,-0.11739233881235123,1
0.2274073362350464,0.6590757966041565,-0.1274227648973465,1
0.07777593284845352,0.7586244940757751,-0.08339717984199524,1
0.13319231569766998,0.7004033327102661,-0.1268797367811203,1
0.18543067574501038,0.6801390051841736,-0.14315347373485565,1
0.22240981459617615,0.6775795221328735,-0.15197114646434784,1
0.08777235448360443,0.8009951710700989,-0.12056706100702286,1
0.12636740505695343,0.7488386631011963,-0.1546667367219925,1
0.15940611064434052,0.7194674015045166,-0.16733622550964355,1
0.18765594065189362,0.7012399435043335,-0.17827391624450684,1
0.12560898065567017,0.8697100877761841,-0.00011379574425518513,1
0.17349393665790558,0.8020168542861938,0.02837972901761532,1
0.19927670061588287,0.7283149361610413,0.01118878647685051,1
0.22553205490112305,0.6765920519828796,-0.021957198157906532,1
0.2445005625486374,0.6340214014053345,-0.06770692020654678,1
0.12874409556388855,0.6366145014762878,-0.0015835999511182308,1
0.15727904438972473,0.5653878450393677,-0.02683708257973194,1
0.17860932648181915,0.5572724342346191,-0.05040966719388962,1
0.19026124477386475,0.5501981973648071,-0.07017696648836136,1
0.11359429359436035,0.6436893939971924,-0.040256354957818985,1
0.17688614130020142,0.5821853280067444,-0.06896813958883286,1
0.20950619876384735,0.5979315042495728,-0.0917506143450737,1
0.2227954864501953,0.6234411001205444,-0.10336727648973465,1
0.10735437273979187,0.6648543477058411,-0.07877276092767715,1
0.1694866418838501,0.6015781164169312,-0.10786833614110947,1
0.20918351411819458,0.6084760427474976,-0.12455464154481888,1
0.23033694922924042,0.6308127641677856,-0.13467377424240112,1
0.11094515770673752,0.6958387494087219,-0.11413449794054031,1
0.14124614000320435,0.6150510311126709,-0.1376763880252838,1
0.15790115296840668,0.5681599378585815,-0.15243519842624664,1
0.16776028275489807,0.5321476459503174,-0.16380107402801514,1
0.12801900506019592,0.8491982817649841,-0.000104165417724289,1
0.17948901653289795,0.7747429013252258,0.04226350039243698,1
0.20204249024391174,0.6923120617866516,0.04505555331707001,1
0.22973227500915527,0.642216682434082,0.031482595950365067,1
0.2554664611816406,0.5972319841384888,0.013126823119819164,1
0.11754797399044037,0.6053121089935303,0.04909144341945648,1
0.1403583586215973,0.5367018580436707,0.038474343717098236,1
0.15753240883350372,0.4787657856941223,0.03083209879696369,1
0.1727021038532257,0.42468035221099854,0.01864590495824814,1
0.10488413274288177,0.6140493750572205,0.007393793668597937,1
0.1642327755689621,0.5456858277320862,-0.01288213673979044,1
0.21640165150165558,0.53666090965271,-0.02454245463013649,1
0.2503194808959961,0.5435925722122192,-0.02839316800236702,1
0.10534451901912689,0.6337283253669739,-0.036048926413059235,1
0.1671006679534912,0.5680030584335327,-0.0539359450340271,1
0.22013115882873535,0.558914303779602,-0.060802388936281204,1
0.25380247831344604,0.5689826011657715,-0.06786040961742401,1
0.11893375962972641,0.6623291969299316,-0.07978694140911102,1
0.1672963798046112,0.602819561958313,-0.09380008280277252,1
0.20651030540466309,0.5837603807449341,-0.09975560009479523,1
0.23599207401275635,0.5808905363082886,-0.10937529057264328,1
0.13273151218891144,0.8236642479896545,-9.284583939006552e-05,1
0.18441514670848846,0.7453205585479736,0.0539618544280529,1
0.20527169108390808,0.6634218096733093,0.06585255265235901,1
0.2331392765045166,0.6118408441543579,0.057876553386449814,1
0.2564232647418976,0.5635567903518677,0.04699534550309181,1
0.1265910118818283,0.5734118223190308,0.06451427191495895,1
0.1508423089981079,0.4997671842575073,0.05735446885228157,1
0.16899515688419342,0.44199126958847046,0.050626739859580994,1
0.18423709273338318,0.3873487412929535,0.040600016713142395,1
0.11535824835300446,0.5794979929924011,0.01958894543349743,1
0.17688940465450287,0.5088546872138977,0.005867535248398781,1
0.22677434980869293,0.5036174058914185,-0.0018482784507796168,1
0.2581554055213928,0.5099209547042847,-0.0039161196909844875,1
0.11559794098138809,0.5955415964126587,-0.026686258614063263,1
0.18207332491874695,0.5272821187973022,-0.03433217853307724,1
0.2352929711341858,0.523779571056366,-0.03612590581178665,1
0.2683236002922058,0.5357592701911926,-0.039515841752290726,1
0.12779606878757477,0.6212658286094666,-0.07238312065601349,1
0.17996740341186523,0.5594421029090881,-0.07738792896270752,1
0.22086651623249054,0.5470874905586243,-0.07925859838724136,1
0.2502560317516327,0.5503723621368408,-0.08325864374637604,1
0.08379366993904114,1.0338523387908936,-0.00012421616702340543,1
0.13659486174583435,1.002261996269226,-0.02717151865363121,1
0.17819230258464813,0.9599058628082275,-0.049303531646728516,1
0.19810999929904938,0.9182108640670776,-0.06833850592374802,1
0.19694478809833527,0.888248860836029,-0.09282848984003067,1
0.14375576376914978,0.8942736387252808,-0.06838921457529068,1
0.16621027886867523,0.8682439923286438,-0.1045689657330513,1
0.17020376026630402,0.90401291847229,-0.11584712564945221,1
0.16759911179542542,0.9284679889678955,-0.1153123751282692,1
0.11711980402469635,0.8834407329559326,-0.07051005959510803,1
0.13853350281715393,0.8623719811439514,-0.11074914038181305,1
0.13996650278568268,0.9086798429489136,-0.1199127659201622,1
0.13453419506549835,0.9417504072189331,-0.12055623531341553,1
0.08941060304641724,0.8778389096260071,-0.07320830225944519,1
0.11059576272964478,0.8488619923591614,-0.1121072843670845,1
0.11461019515991211,0.894834578037262,-0.11643395572900772,1
0.11328858882188797,0.9319382309913635,-0.1127622127532959,1
0.06431896239519119,0.8778979182243347,-0.07871100306510925,1
0.07658275961875916,0.7929679155349731,-0.10460072010755539,1
0.08469399809837341,0.7434155344963074,-0.11731428653001785,1
0.09141182899475098,0.6995994448661804,-0.12720228731632233,1
0.09616978466510773,1.0151700973510742,-4.382199404062703e-05,1
0.14745762944221497,0.9404034614562988,-0.0063308835960924625,1
0.173352912068367,0.8871667981147766,-0.0383235439658165,1
0.19384528696537018,0.8480996489524841,-0.07240516692399979,1
0.21204249560832977,0.8105897903442383,-0.11072555929422379,1
0.11292430758476257,0.8397715091705322,-0.06254905462265015,1
0.13355249166488647,0.805554211139679,-0.11606656014919281,1
0.16226807236671448,0.7810357809066772,-0.15012983977794647,1
0.19337579607963562,0.7586268186569214,-0.16934539377689362,1
0.09341554343700409,0.8528754711151123,-0.07911389321088791,1
0.11750573664903641,0.8112284541130066,-0.1316353678703308,1
0.1510324478149414,0.7869477272033691,-0.15437351167201996,1
0.18354859948158264,0.7721511721611023,-0.16688095033168793,1
0.07949166744947433,0.8756263256072998,-0.0948660746216774,1
0.09959341585636139,0.8288155794143677,-0.14097079634666443,1
0.13110065460205078,0.7998045086860657,-0.1597919464111328,1
0.16122008860111237,0.7831417322158813,-0.16888993978500366,1
0.07226148247718811,0.9037481546401978,-0.1087331622838974,1
0.08244742453098297,0.8612081408500671,-0.13999725878238678,1
0.09961625933647156,0.8350887298583984,-0.15181498229503632,1
0.1190023347735405,0.8160583972930908,-0.15891747176647186,1
0.1112147718667984,0.92445969581604,-9.773224883247167e-05,1
0.16452033817768097,0.858012318611145,0.021132055670022964,1
0.19158922135829926,0.7849209904670715,0.0026461284141987562,1
0.21569612622261047,0.731465220451355,-0.031165849417448044,1
0.23161378502845764,0.6932967901229858,-0.07843074947595596,1
0.11326068639755249,0.7027341723442078,-0.004959144629538059,1
0.14740507304668427,0.6317573189735413,-0.03089507669210434,1
0.16696296632289886,0.6331457495689392,-0.053722694516181946,1
0.17073559761047363,0.6329368352890015,-0.0691266730427742,1
0.09873391687870026,0.7084780931472778,-0.03675272688269615,1
0.16906720399856567,0.6515301465988159,-0.06238832697272301,1
0.19508352875709534,0.679201066493988,-0.08313757181167603,1
0.19729651510715485,0.7060981392860413,-0.09502023458480835,1
0.09339559823274612,0.7253678441047668,-0.06881152838468552,1
0.15905749797821045,0.6632556915283203,-0.09176286309957504,1
0.19336502254009247,0.6829656958580017,-0.10446194559335709,1
0.2044600546360016,0.7089669704437256,-0.11170682311058044,1
0.09670256823301315,0.747481107711792,-0.09665293246507645,1
0.12331422418355942,0.6557168960571289,-0.11125190556049347,1
0.1408785879611969,0.6026118993759155,-0.11933930218219757,1
0.14961332082748413,0.5580382943153381,-0.12591278553009033,1
0.12521135807037354,0.8673670291900635,-0.00012717884965240955,1
0.1728292554616928,0.8018989562988281,0.02719363383948803,1
0.19807636737823486,0.7273619174957275,0.007867053151130676,1
0.2257707417011261,0.676002562046051,-0.02722531370818615,1
0.24762976169586182,0.6328598856925964,-0.07366583496332169,1
0.12905779480934143,0.6314167380332947,-0.005187248811125755,1
0.16413837671279907,0.5596804022789001,-0.031247103586792946,1
0.18677014112472534,0.5587867498397827,-0.05292454734444618,1
0.19760249555110931,0.5584967732429504,-0.07275154441595078,1
0.11231313645839691,0.6389866471290588,-0.045064009726047516,1
0.17919135093688965,0.5786752700805664,-0.07649534195661545,1
0.21008604764938354,0.5966781973838806,-0.09667834639549255,1
0.222163125872612,0.625480055809021,-0.10553030669689178,1
0.10445017367601395,0.6628254055976868,-0.08541552722454071,1
0.17176665365695953,0.6002775430679321,-0.11699651926755905,1
0.21015042066574097,0.6043981313705444,-0.13118213415145874,1
0.23107340931892395,0.6247879266738892,-0.14012880623340607,1
0.1072520837187767,0.6982990503311157,-0.12319179624319077,1
0.1421339511871338,0.620178759098053,-0.1528804749250412,1
0.16085320711135864,0.5760367512702942,-0.17022424936294556,1
0.17446930706501007,0.5426459312438965,-0.18321041762828827,1
0.1279178261756897,0.8475483655929565,-0.00010639592073857784,1
0.17874497175216675,0.7749999761581421,0.04202939569950104,1
0.20094609260559082,0.6927135586738586,0.045178432017564774,1
0.22857099771499634,0.6422346234321594,0.03184683620929718,1
0.253928005695343,0.5974224805831909,0.013866620138287544,1
0.11890404671430588,0.6056665778160095,0.04576415941119194,1
0.14057235419750214,0.532998263835907,0.034122515469789505,1
0.15790647268295288,0.47439199686050415,0.026249950751662254,1
0.17297674715518951,0.42089971899986267,0.01381717249751091,1
0.10686001181602478,0.6156911849975586,0.0029745239298790693,1
0.16555674374103546,0.5444797873497009,-0.020075300708413124,1
0.21737799048423767,0.5357736349105835,-0.03267626464366913,1
0.25011083483695984,0.542279064655304,-0.03685471788048744,1
0.10729735344648361,0.6353926062583923,-0.0412798672914505,1
0.16814973950386047,0.5677683353424072,-0.06134101003408432,1
0.2206144779920578,0.5576895475387573,-0.06864909082651138,1
0.2528269588947296,0.5666347742080688,-0.07473616302013397,1
0.12035685777664185,0.663581132888794,-0.08603275567293167,1
0.1652282327413559,0.6015117168426514,-0.10266590118408203,1
0.20259074866771698,0.5795388221740723,-0.11051341146230698,1
0.22964224219322205,0.5736520290374756,-0.11995171010494232,1
0.14481329917907715,0.8008732795715332,-0.0001299146533710882,1
0.19443601369857788,0.7319904565811157,0.047201745212078094,1
0.21610614657402039,0.6533718109130859,0.04762892797589302,1
0.24272456765174866,0.6012377738952637,0.028780318796634674,1
0.2639721930027008,0.563062846660614,0.0024169497191905975,1
0.14286118745803833,0.5493502616882324,0.03954185172915459,1
0.157999187707901,0.4575350880622864,0.040322646498680115,1
0.16993561387062073,0.3949757516384125,0.04081409424543381,1
0.176671102643013,0.34621673822402954,0.03162366896867752,1
0.12842011451721191,0.5564939975738525,-0.008047896437346935,1
0.20645160973072052,0.491799533367157,-0.023907659575343132,1
0.24342218041419983,0.5173379182815552,-0.03271980956196785,1
0.2529277503490448,0.5538694262504578,-0.035314783453941345,1
0.12517590820789337,0.5784635543823242,-0.05514635145664215,1
0.20821250975131989,0.5091890096664429,-0.08027491718530655,1
0.24432280659675598,0.5371650457382202,-0.08812087774276733,1
0.2529688775539398,0.5723100304603577,-0.09069602936506271,1
0.13408038020133972,0.6081408262252808,-0.09698288142681122,1
0.18538399040699005,0.5397469997406006,-0.1219039037823677,1
0.21154293417930603,0.5134565830230713,-0.13019144535064697,1
0.22636549174785614,0.4960669279098511,-0.1341177374124527,1
0.08311019092798233,1.0325260162353516,-0.0001302520977333188,1
0.13483625650405884,1.0027471780776978,-0.02941983751952648,1
0.17681656777858734,0.9623196125030518,-0.05205532908439636,1
0.19697509706020355,0.9215435981750488,-0.07048989087343216,1
0.19717180728912354,0.8903318047523499,-0.09253636002540588,1
0.14405761659145355,0.8918295502662659,-0.07002120465040207,1
0.16671782732009888,0.8648569583892822,-0.1046866625547409,1
0.16915635764598846,0.9017882943153381,-0.11468483507633209,1
0.1656278371810913,0.9267903566360474,-0.11416082084178925,1
0.11703002452850342,0.8813110589981079,-0.0706879198551178,1
0.1371888667345047,0.8627369403839111,-0.11057740449905396,1
0.13811418414115906,0.9117881059646606,-0.11851833015680313,1
0.1325889676809311,0.9464101791381836,-0.11811216175556183,1
0.08917299658060074,0.8765509724617004,-0.07222500443458557,1
0.10878902673721313,0.8519076108932495,-0.11114850640296936,1
0.11215230822563171,0.8991152048110962,-0.11476313322782516,1
0.11070919036865234,0.9364498853683472,-0.11122661828994751,1
0.06421966850757599,0.8770677447319031,-0.07718022912740707,1
0.075972780585289,0.7925439476966858,-0.10265752673149109,1
0.08399093896150589,0.742842435836792,-0.11701472103595734,1
0.09099394083023071,0.699267566204071,-0.12872669100761414,1
0.09487783163785934,1.012802243232727,-3.6314322642283514e-05,1
0.14608196914196014,0.9392272233963013,-0.007467669900506735,1
0.17168042063713074,0.8868923187255859,-0.03877947852015495,1
0.19219718873500824,0.8487730622291565,-0.07197141647338867,1
0.21035225689411163,0.8123415112495422,-0.10914239287376404,1
0.11370134353637695,0.8401177525520325,-0.06385588645935059,1
0.13441872596740723,0.8060820698738098,-0.11638529598712921,1
0.16302932798862457,0.7821423411369324,-0.14977705478668213,1
0.19421422481536865,0.7605892419815063,-0.16879376769065857,1
0.09491357207298279,0.8540338277816772,-0.07957755774259567,1
0.11851264536380768,0.8123350143432617,-0.1314559429883957,1
0.15151743590831757,0.7885422706604004,-0.15442049503326416,1
0.18375679850578308,0.7742205262184143,-0.16725647449493408,1
0.08128856867551804,0.8772149682044983,-0.09414944052696228,1
0.10070796310901642,0.830217719078064,-0.14008817076683044,1
0.13145555555820465,0.8019510507583618,-0.1591978371143341,1
0.16122353076934814,0.7860244512557983,-0.16834348440170288,1
0.07380001246929169,0.905331015586853,-0.10697513073682785,1
0.0841582715511322,0.8632585406303406,-0.13778872787952423,1
0.10131633281707764,0.8375179171562195,-0.1495429277420044,1
0.12092475593090057,0.8191105127334595,-0.1560889184474945,1
0.10983635485172272,0.9279940128326416,-8.828677528072149e-05,1
0.16181543469429016,0.8577767014503479,0.020806873217225075,1
0.18936629593372345,0.7847746014595032,0.0013164407573640347,1
0.2140357792377472,0.7309356331825256,-0.03438032791018486,1
0.22986674308776855,0.691420316696167,-0.08403071016073227,1
0.10749499499797821,0.7020376920700073,-0.006843211594969034,1
0.13266421854496002,0.62456214427948,-0.02978881448507309,1
0.1500510275363922,0.600578784942627,-0.04848126694560051,1
0.1578570008277893,0.577364444732666,-0.06319437175989151,1
0.09328038990497589,0.7106992602348328,-0.03947751596570015,1
0.1610659956932068,0.646034300327301,-0.06747561693191528,1
0.1943252980709076,0.6655073761940002,-0.08883079141378403,1
0.20556314289569855,0.6916433572769165,-0.09917591512203217,1
0.08894568681716919,0.7296974658966064,-0.07241486012935638,1
0.15427914261817932,0.6645153760910034,-0.09719382226467133,1
0.19259585440158844,0.6749824285507202,-0.11075819283723831,1
0.20999164879322052,0.6961209774017334,-0.11826756596565247,1
0.09429240226745605,0.7547970414161682,-0.10128714889287949,1
0.12330938875675201,0.6712223291397095,-0.12287383526563644,1
0.14224866032600403,0.625917375087738,-0.13559171557426453,1
0.1542266309261322,0.5897610187530518,-0.14335687458515167,1
0.12360521405935287,0.8635364770889282,-0.0001191408809972927,1
0.17246991395950317,0.7954590916633606,0.029309624806046486,1
0.19831764698028564,0.7237818241119385,0.009720990434288979,1
0.2247648984193802,0.6730856895446777,-0.02499547228217125,1
0.24546469748020172,0.6297354698181152,-0.07112639397382736,1
0.13113050162792206,0.6305021047592163,-0.006583807058632374,1
0.16820043325424194,0.5589753985404968,-0.02969648502767086,1
0.1901399940252304,0.5670313239097595,-0.05056379362940788,1
0.197738915681839,0.5746763944625854,-0.07010170072317123,1
0.11480998247861862,0.6394355893135071,-0.04563387483358383,1
0.18315674364566803,0.581212043762207,-0.07326564192771912,1
0.21186259388923645,0.6036576628684998,-0.08975175023078918,1
0.21888986229896545,0.6323384046554565,-0.09786327928304672,1
0.1072375699877739,0.6627347469329834,-0.08472815155982971,1
0.1748458296060562,0.6007980704307556,-0.11046677082777023,1
0.21242108941078186,0.6103237867355347,-0.12044881284236908,1
0.22958099842071533,0.633163571357727,-0.12734133005142212,1
0.10954918712377548,0.695246696472168,-0.12080684304237366,1
0.14247435331344604,0.6136919856071472,-0.14520709216594696,1
0.16055087745189667,0.5671796798706055,-0.1581496000289917,1
0.1714409738779068,0.5311598777770996,-0.167911559343338,1
0.12711858749389648,0.8450831174850464,-0.00010741651203716174,1
0.17796871066093445,0.774871289730072,0.04133329913020134,1
0.20114773511886597,0.6932076215744019,0.041950199753046036,1
0.22905410826206207,0.6433281302452087,0.025798263028264046,1
0.2545260787010193,0.5981578230857849,0.00448577431961894,1
0.11800462007522583,0.6055781841278076,0.04292431101202965,1
0.14022117853164673,0.5324622392654419,0.030938919633626938,1
0.1568130999803543,0.47266918420791626,0.022688668221235275,1
0.17179331183433533,0.4188852906227112,0.009624777361750603,1
0.10600589215755463,0.6160467863082886,-0.00012706014967989177,1
0.16512314975261688,0.544400691986084,-0.022416099905967712,1
0.21679538488388062,0.5341838598251343,-0.03368811309337616,1
0.24998913705348969,0.5396263599395752,-0.03734699636697769,1
0.1069621741771698,0.635906457901001,-0.044332411140203476,1
0.1686902940273285,0.5687848925590515,-0.06330984830856323,1
0.22100400924682617,0.5588260293006897,-0.06910549104213715,1
0.2535853981971741,0.5674769878387451,-0.07412729412317276,1
0.12099951505661011,0.6640275716781616,-0.08940745145082474,1
0.16701571643352509,0.6037448644638062,-0.10442721098661423,1
0.2044990509748459,0.5825283527374268,-0.10979441553354263,1
0.23187275230884552,0.5773422122001648,-0.11810183525085449,1
0.13007785379886627,0.8206090331077576,-0.00010308795026503503,1
0.1832103729248047,0.7463947534561157,0.05310492217540741,1
0.2049800455570221,0.6643774509429932,0.06540980935096741,1
0.23373344540596008,0.6123846173286438,0.05847549065947533,1
0.25795942544937134,0.5632440447807312,0.04803714156150818,1
0.12729138135910034,0.5719445943832397,0.06448935717344284,1
0.15125694870948792,0.49752527475357056,0.059187158942222595,1
0.16874970495700836,0.4386395812034607,0.05302192643284798,1
0.18314756453037262,0.38287103176116943,0.042183052748441696,1
0.1160171627998352,0.5767825841903687,0.01996181532740593,1
0.17724362015724182,0.505982518196106,0.0066057532094419,1
0.22669987380504608,0.5022099018096924,-0.0011203247122466564,1
0.2568250894546509,0.5107843279838562,-0.0029076016508042812,1
0.11595617234706879,0.5926015973091125,-0.025963593274354935,1
0.1822046935558319,0.5250151753425598,-0.034568291157484055,1
0.23524978756904602,0.5228274464607239,-0.03713696077466011,1
0.26726090908050537,0.5364781618118286,-0.04102911427617073,1
0.12782564759254456,0.6188129186630249,-0.07127279788255692,1
0.17995303869247437,0.5578802227973938,-0.07852562516927719,1
0.22110037505626678,0.5466406345367432,-0.08228042721748352,1
0.2501477897167206,0.5510083436965942,-0.08743427693843842,1
0.0818185806274414,1.029252052307129,-0.00014450019807554781,1
0.13551731407642365,1.0016645193099976,-0.02805383689701557,1
0.1779072880744934,0.9618465900421143,-0.050676241517066956,1
0.1985456496477127,0.9205355048179626,-0.07005566358566284,1
0.19728419184684753,0.8892185091972351,-0.09341666847467422,1
0.14653250575065613,0.8897099494934082,-0.06769280135631561,1
0.16851010918617249,0.8658571839332581,-0.1057935431599617,1
0.1700494885444641,0.9022910594940186,-0.11812488734722137,1
0.16580861806869507,0.9265029430389404,-0.11713552474975586,1
0.11962457001209259,0.8778243064880371,-0.06913940608501434,1
0.13994108140468597,0.859889030456543,-0.11183018982410431,1
0.1397097259759903,0.9090863466262817,-0.11929129809141159,1
0.13458874821662903,0.9416554570198059,-0.11690158396959305,1
0.09151475131511688,0.8724642395973206,-0.07203684002161026,1
0.11166708171367645,0.8487618565559387,-0.1148582249879837,1
0.11366553604602814,0.8961209058761597,-0.11774033308029175,1
0.11206665635108948,0.9317801594734192,-0.11165560781955719,1
0.06604975461959839,0.8730872869491577,-0.07787376642227173,1
0.07871465384960175,0.7911702394485474,-0.10459424555301666,1
0.08615812659263611,0.7427935004234314,-0.11797173321247101,1
0.09309951961040497,0.6998596787452698,-0.12805558741092682,1
0.09641916304826736,1.0140950679779053,-3.977348387707025e-05,1
0.14878040552139282,0.9418704509735107,-0.007614286616444588,1
0.17388278245925903,0.8909381628036499,-0.038673847913742065,1
0.19289305806159973,0.8521885275840759,-0.07201816886663437,1
0.2102537453174591,0.8137505650520325,-0.10953229665756226,1
0.11769300699234009,0.8446928858757019,-0.06139888986945152,1
0.1360553354024887,0.8075959086418152,-0.11184009164571762,1
0.1621858775615692,0.7831594347953796,-0.14593683183193207,1
0.19116032123565674,0.7624406814575195,-0.16562512516975403,1
0.09758871048688889,0.8566300868988037,-0.07571348547935486,1
0.11851711571216583,0.8128548860549927,-0.12531211972236633,1
0.14897789061069489,0.7882778644561768,-0.14801025390625,1
0.17902347445487976,0.7751452922821045,-0.1599130779504776,1
0.08180709183216095,0.8765982985496521,-0.08906210213899612,1
0.09767760336399078,0.8287663459777832,-0.13200640678405762,1
0.12646028399467468,0.7998130321502686,-0.15101753175258636,1
0.15447382628917694,0.784945011138916,-0.16020192205905914,1
0.07147059589624405,0.9016379117965698,-0.1005416065454483,1
0.07758653163909912,0.8580843806266785,-0.1307464987039566,1
0.09261368215084076,0.8311713337898254,-0.14280156791210175,1
0.11040814965963364,0.8131030797958374,-0.1495957225561142,1
0.11204962432384491,0.9227395057678223,-7.681381975999102e-05,1
0.16348892450332642,0.8585232496261597,0.013478726148605347,1
0.19012261927127838,0.7842021584510803,-0.0074235121719539165,1
0.21330726146697998,0.7303515672683716,-0.04263435676693916,1
0.2292804718017578,0.6909578442573547,-0.090573750436306,1
0.11298932135105133,0.7002053260803223,-0.010525868274271488,1
0.13483428955078125,0.6235908269882202,-0.03659386932849884,1
0.1504719853401184,0.5961766242980957,-0.0562322735786438,1
0.15878111124038696,0.5681754350662231,-0.07184378057718277,1
0.09769809246063232,0.7077475786209106,-0.04078412428498268,1
0.16297997534275055,0.6450415253639221,-0.07502765208482742,1
0.19447728991508484,0.6655112504959106,-0.09831628948450089,1
0.206247016787529,0.6903635263442993,-0.10958199948072433,1
0.09161785989999771,0.7257540225982666,-0.07266021519899368,1
0.1549886167049408,0.6619593501091003,-0.1021287590265274,1
0.19065751135349274,0.6744219064712524,-0.1167043074965477,1
0.2075529843568802,0.6947147846221924,-0.12464497238397598,1
0.09436961263418198,0.7513764500617981,-0.10113765299320221,1
0.12299466133117676,0.6725881099700928,-0.12697523832321167,1
0.14223521947860718,0.6308866739273071,-0.14284004271030426,1
0.1558769941329956,0.596143364906311,-0.15299102663993835,1
0.12477549910545349,0.8632116317749023,-0.00011660443124128506,1
0.1726318895816803,0.7962924242019653,0.0280437208712101,1
0.19828295707702637,0.7249531745910645,0.008696536533534527,1
0.22495922446250916,0.6742644309997559,-0.02609514258801937,1
0.24515971541404724,0.6308038830757141,-0.0726967602968216,1
0.12878678739070892,0.6309066414833069,-0.0055595338344573975,1
0.1601334512233734,0.5564878582954407,-0.029742129147052765,1
0.18040667474269867,0.5487744212150574,-0.05136948078870773,1
0.19020363688468933,0.5422546863555908,-0.07088644802570343,1
0.11313316226005554,0.6392183303833008,-0.04412034898996353,1
0.1797143518924713,0.5809227824211121,-0.07191624492406845,1
0.2105991244316101,0.5974199771881104,-0.0907917320728302,1
0.22181041538715363,0.6232439875602722,-0.09984167665243149,1
0.1066877692937851,0.6625440120697021,-0.08270273357629776,1
0.17322707176208496,0.6017305254936218,-0.10850221663713455,1
0.21173317730426788,0.6081539988517761,-0.11991425603628159,1
0.231216162443161,0.6286975741386414,-0.12789130210876465,1
0.11036724597215652,0.6957249641418457,-0.11869549006223679,1
0.14386047422885895,0.6188430190086365,-0.14327600598335266,1
0.16242867708206177,0.5759156942367554,-0.15689784288406372,1
0.17451097071170807,0.5427442789077759,-0.16649790108203888,1
0.1273888647556305,0.8440396785736084,-0.00011171569349244237,1
0.17808733880519867,0.7731367349624634,0.03938664123415947,1
0.2015145719051361,0.6925451755523682,0.039188116788864136,1
0.22888942062854767,0.6425353288650513,0.02231018804013729,1
0.2530789077281952,0.5967426896095276,0.0004200171388220042,1
0.11965778470039368,0.6033339500427246,0.03915606439113617,1
0.14081339538097382,0.5293151140213013,0.025993233546614647,1
0.15670950710773468,0.46897703409194946,0.017620012164115906,1
0.17048868536949158,0.41423797607421875,0.004955085460096598,1
0.10711414366960526,0.6146193742752075,-0.00397475203499198,1
0.16601665318012238,0.5418536067008972,-0.029421687126159668,1
0.21843571960926056,0.5339303612709045,-0.04235335439443588,1
0.2512809932231903,0.5422602891921997,-0.04646499082446098,1
0.1071288138628006,0.6351516246795654,-0.04832546040415764,1
0.1685546636581421,0.5677227973937988,-0.06941013783216476,1
0.22128891944885254,0.5595638751983643,-0.07565178722143173,1
0.2531132102012634,0.5708921551704407,-0.08070887625217438,1
0.12013635784387589,0.6644231081008911,-0.09382466226816177,1
0.16561120748519897,0.6039124131202698,-0.11047226190567017,1
0.20370669662952423,0.5838292241096497,-0.11672163009643555,1
0.23093079030513763,0.580462634563446,-0.1246858611702919,1
0.1295938789844513,0.8198087215423584,-0.00010398429731139913,1
0.18251758813858032,0.7473978996276855,0.05445919558405876,1
0.20432795584201813,0.6650280952453613,0.0674620121717453,1
0.23319995403289795,0.6128475069999695,0.06081007793545723,1
0.2578500509262085,0.5631829500198364,0.050225868821144104,1
0.12714353203773499,0.5734054446220398,0.0668250173330307,1
0.15024711191654205,0.49497729539871216,0.062047384679317474,1
0.1683007776737213,0.4344367980957031,0.05545580014586449,1
0.18292511999607086,0.3783566355705261,0.0445435456931591,1
0.11603447049856186,0.5780531764030457,0.021627534180879593,1
0.1767912209033966,0.5047280192375183,0.009032473899424076,1
0.22627970576286316,0.50180983543396,0.0013179685920476913,1
0.2552146315574646,0.5119979977607727,0.0008085693116299808,1
0.11643264442682266,0.5934810638427734,-0.0248460341244936,1
0.1825462132692337,0.5244802236557007,-0.03228775039315224,1
0.23580732941627502,0.5233768820762634,-0.03501657769083977,1
0.26694029569625854,0.5384905338287354,-0.03827815502882004,1
0.12886640429496765,0.6188414692878723,-0.07070016860961914,1
0.1806907206773758,0.5565738677978516,-0.0768660306930542,1
0.2215293049812317,0.5460613965988159,-0.0802498534321785,1
0.24932289123535156,0.5519353747367859,-0.08434557914733887,1
0.08356504142284393,1.0256409645080566,-0.00016520076314918697,1
0.13705556094646454,0.9979522824287415,-0.026211483404040337,1
0.17811799049377441,0.9587135314941406,-0.047178663313388824,1
0.1982395499944687,0.9182945489883423,-0.0654960498213768,1
0.19626951217651367,0.8900673985481262,-0.088239386677742,1
0.14878343045711517,0.8894303441047668,-0.060903627425432205,1
0.16807721555233002,0.8600136637687683,-0.09631720930337906,1
0.17002654075622559,0.8945052027702332,-0.10903384536504745,1
0.16715426743030548,0.9180029034614563,-0.10907290875911713,1
0.12177427113056183,0.8780410289764404,-0.06244532763957977,1
0.14029492437839508,0.8552452325820923,-0.10435673594474792,1
0.1418766975402832,0.9026721715927124,-0.11432770639657974,1
0.1386202722787857,0.9349018931388855,-0.11339280754327774,1
0.0934331864118576,0.8725630640983582,-0.0655774176120758,1
0.11239127069711685,0.8464825749397278,-0.10856328159570694,1
0.11601081490516663,0.8932592868804932,-0.11411518603563309,1
0.11527658253908157,0.9289627075195312,-0.10884805023670197,1
0.06761620938777924,0.8725482821464539,-0.0708232969045639,1
0.07929431647062302,0.791408896446228,-0.09708842635154724,1
0.08690237998962402,0.7430683374404907,-0.11077886819839478,1
0.09336599707603455,0.7004789113998413,-0.12066976726055145,1
0.09631793200969696,1.010943055152893,-4.545904084807262e-05,1
0.14685767889022827,0.9420943856239319,-0.008827867917716503,1
0.17161759734153748,0.8923860788345337,-0.04148763418197632,1
0.19122552871704102,0.8555570244789124,-0.07566142827272415,1
0.20759904384613037,0.8184295296669006,-0.11284306645393372,1
0.11484797298908234,0.8440172076225281,-0.06368400901556015,1
0.13546434044837952,0.8075391054153442,-0.11563276499509811,1
0.16142213344573975,0.7830736637115479,-0.15007686614990234,1
0.19010522961616516,0.7622126340866089,-0.16952292621135712,1
0.09608668833971024,0.8551716804504395,-0.07674068957567215,1
0.11955579370260239,0.8116372227668762,-0.1246475949883461,1
0.15033109486103058,0.78592848777771,-0.14409001171588898,1
0.18016548454761505,0.7722451686859131,-0.15400376915931702,1
0.08254027366638184,0.8746874332427979,-0.08936557173728943,1
0.10150831937789917,0.8266182541847229,-0.13084761798381805,1
0.1312619000673294,0.7971562743186951,-0.145588219165802,1
0.15947654843330383,0.782508134841919,-0.151905819773674,1
0.07468250393867493,0.8992206454277039,-0.1004253625869751,1
0.0849415510892868,0.8540921211242676,-0.12691351771354675,1
0.10188045352697372,0.8284865617752075,-0.13358771800994873,1
0.1203821673989296,0.8122427463531494,-0.13673025369644165,1
0.11150051653385162,0.9225801229476929,-7.867394015192986e-05,1
0.16385306417942047,0.859126627445221,0.01642526499927044,1
0.19138742983341217,0.7844321727752686,-0.0027012620121240616,1
0.2145388424396515,0.7298147678375244,-0.03623306751251221,1
0.23135903477668762,0.690452516078949,-0.0825808122754097,1
0.11551031470298767,0.7007865905761719,-0.005879477132111788,1
0.1396104097366333,0.6233447790145874,-0.030436860397458076,1
0.156005859375,0.6033781170845032,-0.04877902939915657,1
0.16346213221549988,0.5819957256317139,-0.06301923841238022,1
0.10036888718605042,0.7060873508453369,-0.036553721874952316,1
0.16790401935577393,0.6441375017166138,-0.0690951943397522,1
0.19669198989868164,0.6681399345397949,-0.09237215667963028,1
0.20497402548789978,0.6948128342628479,-0.10403499752283096,1
0.09382981806993484,0.7223104238510132,-0.0687674805521965,1
0.15877607464790344,0.6586164236068726,-0.09542917460203171,1
0.1929885298013687,0.6745002269744873,-0.10939236730337143,1
0.20731835067272186,0.6973729133605957,-0.11723931133747101,1
0.09529449045658112,0.7460270524024963,-0.09726197272539139,1
0.12263663113117218,0.6632225513458252,-0.1206270381808281,1
0.14108064770698547,0.6175193190574646,-0.13580764830112457,1
0.15333782136440277,0.5791400671005249,-0.14599193632602692,1
0.1226842850446701,0.866129994392395,-0.00011932436609640718,1
0.17245616018772125,0.7962486743927002,0.03114544227719307,1
0.1985751837491989,0.7239357829093933,0.013088587671518326,1
0.2253839373588562,0.6730239391326904,-0.02136773243546486,1
0.2454964816570282,0.629217267036438,-0.06823491305112839,1
0.12435029447078705,0.6313847899436951,-0.004968395456671715,1
0.1557714194059372,0.5557841062545776,-0.029144369065761566,1
0.17629563808441162,0.541411817073822,-0.05076277628540993,1
0.18631403148174286,0.5285121202468872,-0.0693034678697586,1
0.10919902473688126,0.6402736902236938,-0.04404484108090401,1
0.17819389700889587,0.5817282795906067,-0.07058409601449966,1
0.21015731990337372,0.5983008146286011,-0.08814692497253418,1
0.22127781808376312,0.6246023774147034,-0.09583482891321182,1
0.10407662391662598,0.6643660068511963,-0.08301440626382828,1
0.1735335737466812,0.6040124297142029,-0.10738520324230194,1
0.21300415694713593,0.6115915775299072,-0.11848421394824982,1
0.23202025890350342,0.6333928108215332,-0.12559351325035095,1
0.1101449728012085,0.6977682709693909,-0.11893192678689957,1
0.14466653764247894,0.6201689839363098,-0.1425381749868393,1
0.16400906443595886,0.577626645565033,-0.15614786744117737,1
0.17596355080604553,0.5448189973831177,-0.16578148305416107,1
0.12608377635478973,0.846284031867981,-0.00010917375038843602,1
0.1778142750263214,0.7757400870323181,0.041245587170124054,1
0.20146560668945312,0.6940141916275024,0.042665768414735794,1
0.2286287546157837,0.6429193615913391,0.02732519805431366,1
0.25276270508766174,0.5970306396484375,0.007159808184951544,1
0.12015829235315323,0.6043501496315002,0.040421951562166214,1
0.14056235551834106,0.5281124114990234,0.027458541095256805,1
0.15668511390686035,0.46777504682540894,0.019461946561932564,1
0.16996081173419952,0.4130712151527405,0.0076172202825546265,1
0.10708536952733994,0.6148265600204468,-0.00379297137260437,1
0.16649921238422394,0.5411441326141357,-0.03016405552625656,1
0.2186809480190277,0.5358151197433472,-0.04256386682391167,1
0.24995118379592896,0.5461305379867554,-0.04520289599895477,1
0.10654804110527039,0.6349404454231262,-0.04918203130364418,1
0.16808168590068817,0.5667220950126648,-0.07126346230506897,1
0.2213907539844513,0.5588454008102417,-0.07859620451927185,1
0.2529434561729431,0.5709196329116821,-0.08370286226272583,1
0.1190054714679718,0.6642558574676514,-0.0953785628080368,1
0.163587749004364,0.6012661457061768,-0.11337174475193024,1
0.20121625065803528,0.5785855054855347,-0.12172307819128036,1
0.22802191972732544,0.5732812881469727,-0.13043010234832764,1
0.12718024849891663,0.8219056725502014,-0.00010022510105045512,1
0.18086881935596466,0.7493196725845337,0.05575135722756386,1
0.20319169759750366,0.6671739220619202,0.06981612741947174,1
0.23182013630867004,0.6145933866500854,0.0640747994184494,1
0.25652527809143066,0.5641216039657593,0.05447783321142197,1
0.12766976654529572,0.575091540813446,0.06890593469142914,1
0.1498795747756958,0.49434930086135864,0.06565481424331665,1
0.16776029765605927,0.4327819347381592,0.06059949845075607,1
0.18198147416114807,0.37635093927383423,0.050429973751306534,1
0.11665809154510498,0.5789156556129456,0.023619195446372032,1
0.17631089687347412,0.5039923191070557,0.012351765297353268,1
0.22574423253536224,0.5012684464454651,0.005305168684571981,1
0.25408393144607544,0.512169599533081,0.005410396493971348,1
0.11697390675544739,0.5936970710754395,-0.022694522514939308,1
0.18228910863399506,0.5239540338516235,-0.02904929779469967,1
0.23553165793418884,0.5241864919662476,-0.031060311943292618,1
0.2659868001937866,0.5408293604850769,-0.033475328236818314,1
0.12924256920814514,0.6187497973442078,-0.06838786602020264,1
0.1807963103055954,0.5564996600151062,-0.07442494481801987,1
0.22156962752342224,0.5471979379653931,-0.07799641042947769,1
0.24866312742233276,0.554999589920044,-0.08160922676324844,1
0.08480864763259888,1.0291149616241455,-0.00015721337695140392,1
0.13852044939994812,0.9984809756278992,-0.02652767114341259,1
0.18057136237621307,0.9598536491394043,-0.04968937113881111,1
0.2014404982328415,0.91998291015625,-0.06967195123434067,1
0.19650481641292572,0.8911870121955872,-0.09528129547834396,1
0.14607484638690948,0.8869912028312683,-0.06217152997851372,1
0.16511721909046173,0.8606138825416565,-0.10173160582780838,1
0.168473482131958,0.8961210250854492,-0.11760082095861435,1
0.1662553995847702,0.9218603372573853,-0.11788985133171082,1
0.11836376786231995,0.8759446740150452,-0.0635947734117508,1
0.13737402856349945,0.8569754958152771,-0.10897950083017349,1
0.1388922482728958,0.9049219489097595,-0.12110379338264465,1
0.13507980108261108,0.9385177493095398,-0.1189676895737648,1
0.09018382430076599,0.8721161484718323,-0.06647083163261414,1
0.11076563596725464,0.8484745621681213,-0.11208252608776093,1
0.11390823125839233,0.8959650993347168,-0.11866144835948944,1
0.11233296990394592,0.9331793189048767,-0.1121503934264183,1
0.06491019576787949,0.8738266229629517,-0.07168996334075928,1
0.07845292240381241,0.791100025177002,-0.0985102504491806,1
0.08741280436515808,0.741808295249939,-0.11111898720264435,1
0.09466847777366638,0.6996586918830872,-0.1188112422823906,1
0.09643907845020294,1.011920690536499,-6.268458673730493e-05,1
0.14740030467510223,0.9378235340118408,-0.007160817738622427,1
0.17477940022945404,0.8861541152000427,-0.04171567037701607,1
0.19654954969882965,0.8474268317222595,-0.07823242247104645,1
0.21499070525169373,0.8083974123001099,-0.1189335435628891,1
0.11326555162668228,0.8374401926994324,-0.06262319535017014,1
0.1361643522977829,0.8042031526565552,-0.11488088220357895,1
0.16547030210494995,0.7812944650650024,-0.14779968559741974,1
0.1963728666305542,0.7602114677429199,-0.16595183312892914,1
0.09401940554380417,0.849830687046051,-0.07933283597230911,1
0.12246142327785492,0.8111140131950378,-0.13185438513755798,1
0.1563587784767151,0.7875770926475525,-0.15549160540103912,1
0.18834012746810913,0.7723195552825928,-0.1690918654203415,1
0.08049927651882172,0.8725913166999817,-0.09512179344892502,1
0.10494091361761093,0.8287370204925537,-0.141154944896698,1
0.1371879130601883,0.801082968711853,-0.16035962104797363,1
0.1667722761631012,0.7849942445755005,-0.16986572742462158,1
0.07353459298610687,0.9008991718292236,-0.10902726650238037,1
0.08866646885871887,0.8588022589683533,-0.13917529582977295,1
0.10759925842285156,0.8351252675056458,-0.1494983583688736,1
0.12720920145511627,0.8190519213676453,-0.155732661485672,1
0.10990046709775925,0.9201298952102661,-7.762301538605243e-05,1
0.16266776621341705,0.8585655093193054,0.01651882380247116,1
0.1907188892364502,0.7856531143188477,-0.0037529387045651674,1
0.21372880041599274,0.7311611771583557,-0.03820834308862686,1
0.23094646632671356,0.6912545561790466,-0.08463797718286514,1
0.11867901682853699,0.700130820274353,-0.005080972332507372,1
0.14591044187545776,0.624509871006012,-0.028532778844237328,1
0.16339287161827087,0.6161172986030579,-0.04733060672879219,1
0.1700630486011505,0.6046097278594971,-0.06237207353115082,1
0.10307982563972473,0.7047922015190125,-0.036073699593544006,1
0.17062796652317047,0.6446712017059326,-0.06851375102996826,1
0.1967361569404602,0.6718176007270813,-0.09170534461736679,1
0.20203351974487305,0.6990331411361694,-0.10330692678689957,1
0.09562771767377853,0.7205817699432373,-0.06863734871149063,1
0.16002893447875977,0.6570329666137695,-0.09345892071723938,1
0.19296810030937195,0.6759287118911743,-0.10651818662881851,1
0.20545309782028198,0.7003578543663025,-0.11435496807098389,1
0.09553494304418564,0.7440156936645508,-0.09771156311035156,1
0.12151296436786652,0.6593685746192932,-0.12090186774730682,1
0.14003442227840424,0.6123315095901489,-0.13678240776062012,1
0.1519153118133545,0.5732253789901733,-0.14754541218280792,1
0.1114317923784256,0.8977953195571899,-9.311502071795985e-05,1
0.16717931628227234,0.8216212391853333,0.037325453013181686,1
0.1919708400964737,0.7370454668998718,0.03479038178920746,1
0.21895146369934082,0.6840714812278748,0.017317838966846466,1
0.24478983879089355,0.6378979682922363,-0.004655300639569759,1
0.10524453222751617,0.6542505025863647,0.037865396589040756,1
0.13553926348686218,0.5964934229850769,0.01878914050757885,1
0.16047127544879913,0.5486639142036438,0.004453533329069614,1
0.1816321164369583,0.5070235729217529,-0.011574375443160534,1
0.09141392260789871,0.6625252366065979,-0.0006196554168127477,1
0.15172064304351807,0.6032108068466187,-0.02565838396549225,1
0.20680545270442963,0.5891103744506836,-0.044511862099170685,1
0.246885746717453,0.5899645090103149,-0.05389375984668732,1
0.09187928587198257,0.6838306784629822,-0.04002438485622406,1
0.15160374343395233,0.6239224672317505,-0.06253558397293091,1
0.20307040214538574,0.6079407930374146,-0.07327893376350403,1
0.24020352959632874,0.6089324951171875,-0.08171478658914566,1
0.10621848702430725,0.7152044773101807,-0.07909176498651505,1
0.1480753868818283,0.658786416053772,-0.0963425412774086,1
0.18006037175655365,0.6318235397338867,-0.10417705774307251,1
0.2066616266965866,0.6156448125839233,-0.1135057732462883,1
0.13681353628635406,0.8210232853889465,-0.00011658298899419606,1
0.18518537282943726,0.7596427202224731,0.02425980009138584,1
0.20876875519752502,0.6835544109344482,0.004342776257544756,1
0.2347448170185089,0.6299383640289307,-0.030627097934484482,1
0.2547905743122101,0.5870476365089417,-0.07995569705963135,1
0.12823331356048584,0.5870776176452637,0.0029658961575478315,1
0.15063944458961487,0.5051397085189819,-0.016264809295535088,1
0.1674220860004425,0.4571588635444641,-0.03158113732933998,1
0.1754024624824524,0.4171600043773651,-0.044681768864393234,1
0.11649876087903976,0.5984323620796204,-0.03411703556776047,1
0.18210583925247192,0.5332860350608826,-0.0639023631811142,1
0.220388263463974,0.5555545687675476,-0.08094456046819687,1
0.2336391657590866,0.5840082764625549,-0.08706627041101456,1
0.11359710246324539,0.6195876002311707,-0.07164428383111954,1
0.1793609857559204,0.5519930124282837,-0.10035949945449829,1
0.22187413275241852,0.573719322681427,-0.1111820861697197,1
0.24001039564609528,0.6028925776481628,-0.11517643928527832,1
0.12042523920536041,0.6455216407775879,-0.107032410800457,1
0.1534925401210785,0.5615485906600952,-0.12502773106098175,1
0.17215289175510406,0.5167970061302185,-0.13119372725486755,1
0.18027649819850922,0.4797661304473877,-0.13591869175434113,1
0.13425414264202118,0.8029800653457642,-0.00010362291504861787,1
0.18502715229988098,0.7366592288017273,0.044328682124614716,1
0.20983070135116577,0.6579509973526001,0.045186158269643784,1
0.23730045557022095,0.6079875826835632,0.027738364413380623,1
0.2595924139022827,0.5595627427101135,0.004285625647753477,1
0.1284729689359665,0.5617215633392334,0.045952532440423965,1
0.15110212564468384,0.4801306128501892,0.0387314148247242,1
0.16601808369159698,0.41830751299858093,0.031244786456227303,1
0.1764155924320221,0.3619225025177002,0.017165128141641617,1
0.1136879026889801,0.5711046457290649,0.0004961771192029119,1
0.17871937155723572,0.4940936863422394,-0.023126844316720963,1
0.2275509089231491,0.49728018045425415,-0.031984593719244,1
0.2547145187854767,0.5145652294158936,-0.032231271266937256,1
0.11226944625377655,0.5917560458183289,-0.04596612602472305,1
0.17937816679477692,0.5260469317436218,-0.06553392112255096,1
0.23164106905460358,0.5250362157821655,-0.0666644424200058,1
0.26091599464416504,0.5396846532821655,-0.06718512624502182,1
0.12482184171676636,0.6212290525436401,-0.09284429997205734,1
0.17521941661834717,0.5639557242393494,-0.10938501358032227,1
0.2149754762649536,0.5531637072563171,-0.11377265304327011,1
0.24203136563301086,0.5582436919212341,-0.11724064499139786,1
0.08714025467634201,1.0299204587936401,-0.00013699341798201203,1
0.14109395444393158,0.9974770545959473,-0.023934736847877502,1
0.18319199979305267,0.9580503702163696,-0.045875728130340576,1
0.2027643918991089,0.9176835417747498,-0.06550535559654236,1
0.19455020129680634,0.8915373086929321,-0.09124548733234406,1
0.1472521871328354,0.8871145248413086,-0.05697513744235039,1
0.16586866974830627,0.8609351515769958,-0.09618707001209259,1
0.16886037588119507,0.8976284265518188,-0.11217183619737625,1
0.16669578850269318,0.9238609671592712,-0.11197445541620255,1
0.11949831247329712,0.8762428760528564,-0.05980287492275238,1
0.13783589005470276,0.8567262291908264,-0.10481023788452148,1
0.13885702192783356,0.9055113196372986,-0.11757254600524902,1
0.13472524285316467,0.9403548240661621,-0.1158505454659462,1
0.09118257462978363,0.8726578950881958,-0.06384202092885971,1
0.1108284443616867,0.8488460183143616,-0.10968094319105148,1
0.11342302709817886,0.8969846963882446,-0.11645280569791794,1
0.11141540110111237,0.9349793791770935,-0.10984630137681961,1
0.06551860272884369,0.8747121691703796,-0.07010271400213242,1
0.07907458394765854,0.7916735410690308,-0.09674049913883209,1
0.08798588812351227,0.7431128621101379,-0.10894767194986343,1
0.09499195218086243,0.7015867233276367,-0.11598517000675201,1
0.09766887128353119,1.0118093490600586,-6.372704228851944e-05,1
0.14870887994766235,0.936680018901825,-0.008175495080649853,1
0.17611923813819885,0.8852037191390991,-0.04463421553373337,1
0.19743256270885468,0.8462035655975342,-0.0826064795255661,1
0.21565988659858704,0.8065624237060547,-0.12487959861755371,1
0.11364880204200745,0.839588463306427,-0.07016841322183609,1
0.13657531142234802,0.805478572845459,-0.1250423938035965,1
0.16587655246257782,0.7816457748413086,-0.1584441065788269,1
0.19653651118278503,0.7604287266731262,-0.17692187428474426,1
0.09408905357122421,0.8531520366668701,-0.08740038424730301,1
0.12285619229078293,0.813833475112915,-0.1429857611656189,1
0.15703462064266205,0.7893788814544678,-0.16697412729263306,1
0.18900622427463531,0.7743459939956665,-0.1810045838356018,1
0.08040189743041992,0.8769723176956177,-0.1031872034072876,1
0.10513434559106827,0.8328578472137451,-0.15157848596572876,1
0.13727620244026184,0.8043844699859619,-0.17178744077682495,1
0.16639745235443115,0.7882192134857178,-0.18184740841388702,1
0.07349638640880585,0.9060500860214233,-0.11736784130334854,1
0.08889476954936981,0.8633603453636169,-0.14920444786548615,1
0.10788922011852264,0.8389608860015869,-0.16069844365119934,1
0.12730111181735992,0.8226720690727234,-0.16781465709209442,1
0.10978052020072937,0.9189722537994385,-7.057838956825435e-05,1
0.16196689009666443,0.8575161099433899,0.01638692617416382,1
0.189736008644104,0.7863019108772278,-0.00445986445993185,1
0.21266844868659973,0.7319653034210205,-0.03945853188633919,1
0.2304377257823944,0.6924015879631042,-0.08705336600542068,1
0.1186755821108818,0.7003225684165955,-0.005658403970301151,1
0.14720505475997925,0.6248186826705933,-0.028254060074687004,1
0.16544930636882782,0.6194847822189331,-0.047563113272190094,1
0.17232120037078857,0.6112332344055176,-0.06300706416368484,1
0.10317474603652954,0.7045255303382874,-0.03602331131696701,1
0.17071333527565002,0.6450383067131042,-0.06549319624900818,1
0.19591379165649414,0.6720335483551025,-0.08830927312374115,1
0.20026728510856628,0.6997553110122681,-0.1003192663192749,1
0.09581832587718964,0.7201599478721619,-0.06753890216350555,1
0.1603693664073944,0.6568925380706787,-0.08935093879699707,1
0.19256064295768738,0.6758080124855042,-0.10170716792345047,1
0.20424267649650574,0.700684666633606,-0.10963422060012817,1
0.09604965895414352,0.7432735562324524,-0.0956529974937439,1
0.12264271825551987,0.6579495072364807,-0.11674099415540695,1
0.14140500128269196,0.6098180413246155,-0.13111644983291626,1
0.15338332951068878,0.570046067237854,-0.1408548504114151,1
0.11186744272708893,0.8971676230430603,-9.626166138332337e-05,1
0.16730225086212158,0.8219900131225586,0.036801110953092575,1
0.1917451024055481,0.7375981211662292,0.03365250676870346,1
0.21876312792301178,0.6849291324615479,0.01562543585896492,1
0.24531877040863037,0.6389797925949097,-0.006926484871655703,1
0.10561436414718628,0.654741108417511,0.03633416071534157,1
0.1358635425567627,0.5970098972320557,0.016561130061745644,1
0.16074827313423157,0.5491825342178345,0.0015575505094602704,1
0.18178331851959229,0.5078686475753784,-0.015030798502266407,1
0.0915924534201622,0.6631579995155334,-0.0023051206953823566,1
0.15148170292377472,0.6033599972724915,-0.028342586010694504,1
0.2068018615245819,0.5893231630325317,-0.04742959141731262,1
0.24701738357543945,0.5906096696853638,-0.05674087256193161,1
0.09188725799322128,0.6844812631607056,-0.041951753199100494,1
0.15122975409030914,0.6239568591117859,-0.06495831906795502,1
0.20292285084724426,0.6080070734024048,-0.07580405473709106,1
0.24005499482154846,0.609512984752655,-0.08415263146162033,1
0.10627754032611847,0.7161065936088562,-0.0811755582690239,1
0.14784416556358337,0.6589887142181396,-0.09853295236825943,1
0.17981955409049988,0.6317167282104492,-0.10615170001983643,1
0.2062387764453888,0.6157671213150024,-0.11521502584218979,1
0.1374765932559967,0.822040319442749,-0.00011326217645546421,1
0.18421050906181335,0.7605770230293274,0.025920964777469635,1
0.20859180390834808,0.6841268539428711,0.006263583432883024,1
0.23492927849292755,0.6313593983650208,-0.029216840863227844,1
0.25515979528427124,0.5897458791732788,-0.07964075356721878,1
0.12731900811195374,0.5884820222854614,0.006491087377071381,1
0.14893406629562378,0.5079333782196045,-0.013568916358053684,1
0.1654314398765564,0.45654404163360596,-0.02962125651538372,1
0.17446587979793549,0.4150925874710083,-0.043326810002326965,1
0.11533085256814957,0.5992328524589539,-0.032257694751024246,1
0.17958320677280426,0.5352073311805725,-0.06161521375179291,1
0.2214375138282776,0.5506235361099243,-0.08135572075843811,1
0.24052274227142334,0.5769860148429871,-0.09047198295593262,1
0.11289677023887634,0.6201662421226501,-0.07122530043125153,1
0.1772870421409607,0.5524186491966248,-0.10039815306663513,1
0.22098851203918457,0.567825436592102,-0.11391344666481018,1
0.24280796945095062,0.595223605632782,-0.12015823274850845,1
0.12053177505731583,0.6467372179031372,-0.1080368235707283,1
0.15229228138923645,0.5617522597312927,-0.1249222382903099,1
0.17025621235370636,0.515893816947937,-0.13059797883033752,1
0.17919482290744781,0.4786640405654907,-0.1360517144203186,1
0.13561296463012695,0.803672194480896,-0.0001014870431390591,1
0.18554048240184784,0.7370842695236206,0.042485497891902924,1
0.21006867289543152,0.6583737730979919,0.042448606342077255,1
0.23769506812095642,0.607837975025177,0.024418383836746216,1
0.2596920430660248,0.5584726929664612,0.0004514192696660757,1
0.12901028990745544,0.5613911747932434,0.04433097317814827,1
0.1524331271648407,0.4812498092651367,0.03547458350658417,1
0.16737566888332367,0.42005598545074463,0.027367280796170235,1
0.17750386893749237,0.3631889522075653,0.012970172800123692,1
0.11408676207065582,0.5708772540092468,-0.0004798413428943604,1
0.1794949620962143,0.4956693649291992,-0.025161977857351303,1
0.22791001200675964,0.4992932081222534,-0.034515827894210815,1
0.25486668944358826,0.5160119533538818,-0.03545861318707466,1
0.11246468126773834,0.5919530987739563,-0.0467386394739151,1
0.1797984540462494,0.5281391143798828,-0.06662283092737198,1
0.2317063957452774,0.526024341583252,-0.06924053281545639,1
0.26124337315559387,0.5391854047775269,-0.07121286541223526,1
0.12462745606899261,0.6221000552177429,-0.09347305446863174,1
0.17516794800758362,0.5657812356948853,-0.11039292067289352,1
0.21477286517620087,0.5549670457839966,-0.11590678244829178,1
0.24196642637252808,0.5591331720352173,-0.12057933211326599,1
0.08606302738189697,1.032151460647583,-0.00014468409062828869,1
0.13912361860275269,0.99934321641922,-0.023121893405914307,1
0.18025201559066772,0.9585880637168884,-0.043295878916978836,1
0.20020240545272827,0.9183958768844604,-0.06195191666483879,1
0.19522503018379211,0.8903089761734009,-0.08741215616464615,1
0.14728763699531555,0.8907708525657654,-0.05753616988658905,1
0.16538067162036896,0.8663386106491089,-0.09608510136604309,1
0.16935062408447266,0.899660587310791,-0.11272745579481125,1
0.16838620603084564,0.9229974150657654,-0.1143452525138855,1
0.12031406164169312,0.8793371319770813,-0.060751646757125854,1
0.13786101341247559,0.8596656918525696,-0.10349582880735397,1
0.13943184912204742,0.9045474529266357,-0.11779116094112396,1
0.13665542006492615,0.9369695782661438,-0.11816670000553131,1
0.09199647605419159,0.8746689558029175,-0.0647287517786026,1
0.11111544072628021,0.8474368453025818,-0.10738664120435715,1
0.11482381075620651,0.8932386636734009,-0.11558990180492401,1
0.11452310532331467,0.9308783411979675,-0.11106059700250626,1
0.06580741703510284,0.8755255937576294,-0.07054419070482254,1
0.07760525494813919,0.7921887636184692,-0.09756433963775635,1
0.0857633501291275,0.7425855994224548,-0.11079991608858109,1
0.0929841622710228,0.7001203894615173,-0.11889448016881943,1
0.09653551876544952,1.0136200189590454,-5.9772326494567096e-05,1
0.14730317890644073,0.9398778080940247,-0.008168075233697891,1
0.17394918203353882,0.8879916071891785,-0.04191110283136368,1
0.19472083449363708,0.8493473529815674,-0.07749851047992706,1
0.21284016966819763,0.8107314705848694,-0.11746788024902344,1
0.11234275251626968,0.838417649269104,-0.062025271356105804,1
0.13419635593891144,0.8049702048301697,-0.11520053446292877,1
0.16339178383350372,0.781765878200531,-0.14971865713596344,1
0.19473572075366974,0.7611369490623474,-0.16927161812782288,1
0.09298460930585861,0.851204514503479,-0.07798373699188232,1
0.1197328120470047,0.8113845586776733,-0.13063746690750122,1
0.15378202497959137,0.7885485887527466,-0.1547219306230545,1
0.18640899658203125,0.7750539779663086,-0.16826914250850677,1
0.07944124191999435,0.8737836480140686,-0.09350137412548065,1
0.10255550593137741,0.829023540019989,-0.14011840522289276,1
0.1350925862789154,0.8017418384552002,-0.16023464500904083,1
0.16549555957317352,0.7865999937057495,-0.16985170543193817,1
0.07251694798469543,0.9016554355621338,-0.10734620690345764,1
0.08580939471721649,0.859634280204773,-0.13887953758239746,1
0.1043102890253067,0.8356377482414246,-0.15070770680904388,1
0.12416175752878189,0.8190625905990601,-0.15796621143817902,1
0.11200211197137833,0.919633686542511,-8.067843737080693e-05,1
0.16366922855377197,0.8573667407035828,0.019910207018256187,1
0.19058597087860107,0.7848132848739624,-0.00014350084529723972,1
0.21334849298000336,0.7305164337158203,-0.0349353663623333,1
0.22985610365867615,0.691900908946991,-0.08277322351932526,1
0.11940371990203857,0.6974325180053711,-0.004993780050426722,1
0.14482387900352478,0.6182401180267334,-0.026878532022237778,1
0.1617148220539093,0.6066747307777405,-0.045479170978069305,1
0.16791309416294098,0.5932005047798157,-0.06061367318034172,1
0.1043078601360321,0.7044849991798401,-0.03776565194129944,1
0.1711662858724594,0.6458032727241516,-0.06707589328289032,1
0.1958773136138916,0.6748362183570862,-0.08890409767627716,1
0.19867876172065735,0.7030617594718933,-0.10010579973459244,1
0.09720256179571152,0.7225317358970642,-0.07105953991413116,1
0.16048994660377502,0.6605299711227417,-0.09417140483856201,1
0.19265949726104736,0.683631420135498,-0.10680600255727768,1
0.20321917533874512,0.7104032039642334,-0.11476713418960571,1
0.09787346422672272,0.7471662759780884,-0.1004711240530014,1
0.12368275225162506,0.6638286113739014,-0.1261407732963562,1
0.14201562106609344,0.6166654825210571,-0.14318613708019257,1
0.1530439406633377,0.5763363838195801,-0.15437355637550354,1
0.123965784907341,0.855830192565918,-0.00011277059820713475,1
0.17214266955852509,0.7953504323959351,0.02558869682252407,1
0.19936981797218323,0.7264044284820557,0.005966086871922016,1
0.2255394458770752,0.677219808101654,-0.027617404237389565,1
0.24512389302253723,0.6302381753921509,-0.07175929844379425,1
0.13270242512226105,0.6398969888687134,-0.015048800967633724,1
0.1692051887512207,0.5742796063423157,-0.04217258468270302,1
0.19355715811252594,0.5783092975616455,-0.06783926486968994,1
0.20525693893432617,0.5868095755577087,-0.08946014940738678,1
0.11530692875385284,0.6477003693580627,-0.051037803292274475,1
0.1748833805322647,0.5903488397598267,-0.07714887708425522,1
0.20694513618946075,0.600921094417572,-0.09630977362394333,1
0.22103123366832733,0.622355580329895,-0.10649718344211578,1
0.10675805807113647,0.6674256324768066,-0.08647102117538452,1
0.16476380825042725,0.6064733862876892,-0.11550512164831161,1
0.20403307676315308,0.6071587800979614,-0.13059498369693756,1
0.22645726799964905,0.6251623630523682,-0.14050427079200745,1
0.10780046880245209,0.6969752311706543,-0.11796314269304276,1
0.13559181988239288,0.6122944355010986,-0.14398500323295593,1
0.1532239019870758,0.5630387663841248,-0.1580904871225357,1
0.1651918590068817,0.5249876379966736,-0.16925516724586487,1
0.1327255666255951,0.8392741680145264,-0.00011507705494295806,1
0.18096277117729187,0.7727972865104675,0.037594541907310486,1
0.20249351859092712,0.6915741562843323,0.03628078103065491,1
0.2302768975496292,0.6417528390884399,0.01876119151711464,1
0.25767114758491516,0.5979529023170471,-0.0034306293819099665,1
0.11548934876918793,0.6093736886978149,0.044619519263505936,1
0.14180755615234375,0.5476403832435608,0.030553363263607025,1
0.16215653717517853,0.495380699634552,0.018689166754484177,1
0.1803084909915924,0.44970792531967163,0.0027977810241281986,1
0.1034836694598198,0.6178150773048401,0.005714366212487221,1
0.1611427515745163,0.5529552102088928,-0.015322225168347359,1
0.21439772844314575,0.5384865999221802,-0.03041686676442623,1
0.25097793340682983,0.5416363477706909,-0.037723951041698456,1
0.10501790046691895,0.6361450552940369,-0.034952498972415924,1
0.16485005617141724,0.5702721476554871,-0.05139469355344772,1
0.21643102169036865,0.5573802590370178,-0.06094234809279442,1
0.25045767426490784,0.5646865367889404,-0.07109639048576355,1
0.12091977894306183,0.662737250328064,-0.07626184821128845,1
0.16833004355430603,0.6025863885879517,-0.0884542316198349,1
0.20652049779891968,0.5822499394416809,-0.09544749557971954,1
0.23619744181632996,0.5777767300605774,-0.10674765706062317,1
0.14026400446891785,0.8146927356719971,-9.697445057099685e-05,1
0.18927550315856934,0.7386313676834106,0.04691264405846596,1
0.2082585245370865,0.658033549785614,0.05385821685194969,1
0.2350933998823166,0.6067118048667908,0.0429346077144146,1
0.25899553298950195,0.5613310933113098,0.027847537770867348,1
0.12811823189258575,0.5711216926574707,0.05655694007873535,1
0.15414060652256012,0.5086901187896729,0.046172209084033966,1
0.17102204263210297,0.4558719992637634,0.03764629364013672,1
0.18375010788440704,0.4016275405883789,0.026998436078429222,1
0.11602135747671127,0.5773856043815613,0.015256634913384914,1
0.17492662370204926,0.5150447487831116,-0.002902521751821041,1
0.2239924520254135,0.5082473754882812,-0.012824000790715218,1
0.2560980021953583,0.5112528800964355,-0.016950858756899834,1
0.11546212434768677,0.5947315096855164,-0.02754920721054077,1
0.17822474241256714,0.5315620303153992,-0.04063062369823456,1
0.23101167380809784,0.5253029465675354,-0.04616740345954895,1
0.2649379074573517,0.5328162908554077,-0.052797913551330566,1
0.1272006332874298,0.6221030950546265,-0.06991854310035706,1
0.17656931281089783,0.564112663269043,-0.07921303808689117,1
0.21785393357276917,0.5492468476295471,-0.08405185490846634,1
0.2491808831691742,0.5475980043411255,-0.09181202203035355,1
